{"cameraMode":{"drawMode":0,"name":"Shaded","section":"Shading Mode"},"sceneLighting":true,"audioPlay":false,"sceneViewState":{"m_AlwaysRefresh":false,"showFog":true,"showSkybox":true,"showFlares":true,"showImageEffects":true,"showParticleSystems":true,"showVisualEffectGraphs":true,"m_FxEnabled":true},"in2DMode":false,"pivot":{"x":-0.6730823516845703,"y":1.8621903657913209,"z":7.420933246612549},"rotation":{"x":-0.07285080850124359,"y":0.24921172857284547,"z":-0.018803507089614869,"w":-0.9655227661132813},"size":3.53623628616333,"orthographic":false}