{"cameraMode":{"drawMode":0,"name":"Shaded","section":"Shading Mode"},"sceneLighting":false,"audioPlay":false,"sceneViewState":{"m_AlwaysRefresh":false,"showFog":true,"showSkybox":false,"showFlares":true,"showImageEffects":true,"showParticleSystems":true,"showVisualEffectGraphs":true,"m_FxEnabled":true},"in2DMode":false,"pivot":{"x":0.6071767807006836,"y":2.302385091781616,"z":-0.5934818983078003},"rotation":{"x":0.0010606597643345595,"y":0.7071060538291931,"z":-0.001060659997165203,"w":0.7071060538291931},"size":3.0071630477905275,"orthographic":true}