{"cameraMode":{"drawMode":0,"name":"Shaded","section":"Shading Mode"},"sceneLighting":false,"audioPlay":false,"sceneViewState":{"m_AlwaysRefresh":false,"showFog":true,"showSkybox":false,"showFlares":true,"showImageEffects":true,"showParticleSystems":true,"showVisualEffectGraphs":true,"m_FxEnabled":true},"in2DMode":false,"pivot":{"x":0.6786012649536133,"y":1.1450313329696656,"z":-0.5346894264221191},"rotation":{"x":-0.09303546696901322,"y":0.05433259159326553,"z":-0.005084560252726078,"w":-0.9941657781600952},"size":2.869702100753784,"orthographic":false}